{
  "model_name": "knn_9",
  "metrics": {
    "accuracy": 0.8361,
    "precision_buy": 0.8387,
    "precision_sell": 0.8333,
    "train_samples": 244,
    "test_samples": 61,
    "k_neighbors": 5,
    "class_distribution_train": {
      "1": 119,
      "2": 125
    },
    "class_distribution_test": {
      "1": 31,
      "2": 30
    },
    "classification_report": {
      "1": {
        "precision": 0.8387096774193549,
        "recall": 0.8387096774193549,
        "f1-score": 0.8387096774193549,
        "support": 31.0
      },
      "2": {
        "precision": 0.8333333333333334,
        "recall": 0.8333333333333334,
        "f1-score": 0.8333333333333334,
        "support": 30.0
      },
      "accuracy": 0.8360655737704918,
      "macro avg": {
        "precision": 0.8360215053763441,
        "recall": 0.8360215053763441,
        "f1-score": 0.8360215053763441,
        "support": 61.0
      },
      "weighted avg": {
        "precision": 0.8360655737704918,
        "recall": 0.8360655737704918,
        "f1-score": 0.8360655737704918,
        "support": 61.0
      }
    }
  },
  "feature_cols": null
}