{
  "model_name": "knn_11",
  "metrics": {
    "accuracy": 0.6875,
    "precision_buy": 0.7143,
    "precision_sell": 0.5,
    "train_samples": 60,
    "test_samples": 16,
    "k_neighbors": 5,
    "class_distribution_train": {
      "1": 49,
      "2": 11
    },
    "class_distribution_test": {
      "1": 11,
      "2": 5
    },
    "classification_report": {
      "1": {
        "precision": 0.7142857142857143,
        "recall": 0.9090909090909091,
        "f1-score": 0.8,
        "support": 11.0
      },
      "2": {
        "precision": 0.5,
        "recall": 0.2,
        "f1-score": 0.2857142857142857,
        "support": 5.0
      },
      "accuracy": 0.6875,
      "macro avg": {
        "precision": 0.6071428571428572,
        "recall": 0.5545454545454546,
        "f1-score": 0.5428571428571429,
        "support": 16.0
      },
      "weighted avg": {
        "precision": 0.6473214285714286,
        "recall": 0.6875,
        "f1-score": 0.6392857142857143,
        "support": 16.0
      }
    }
  },
  "feature_cols": null
}